language,n,median_ttft_ms,p90_ttft_ms,max_ttft_ms,median_total_latency_ms,mean_output_tps,tail_events_over_150ms
en,60,62.054,63.5157,70.36,879.0525,36.24975,0
hi,60,62.909499999999994,71.551,536.909,879.9745,35.65345,3
hinglish,60,62.414500000000004,70.5771,494.496,881.3335,36.03035,1
ta,60,62.9905,67.20100000000001,74.818,880.426,36.23598333333334,0
